Judul;Pendapatan;Prediksi;Tahun
Avengers: Endgame;2.797.800.564;2.951.450.983;2019
Avatar;2.790.439.000;2.493.539.042;2009
Titanic;2.194.439.542;20.144.631.013;1997
Star Wars: Episode VII - The Force Awakens;2.068.223.624;2.261.911.100;2015
Avengers: Infinity War ;2.048.359.754;2.448.459.091;2018
Jurassic World;1.670.400.637;1.890.391.639;2015
The Lion King;1.656.943.394;543.638.043;2019
The Avengers;1.518.812.988;623.357.910;2012
Furious 7;1.515.047.671;353.007.020;2015
Frozen II;1.450.026.933;477.373.578;2019
Avengers: Age of Ultron;1.402.805.868;459.005.868;2015
Black Panther;1.346.913.161;700.059.566;2018
Harry Potter and the Deathly Hallows: Part 2;1.341.932.398;381.409.310;2011
Star Wars: Episode VIII - The Last Jedi;1.332.539.889;620.181.382;2017
Jurassic World: Fallen Kingdom;1.308.467.944;417.719.760;2018
Frozen;1.280.802.282;400.738.009;2013
Beauty and the Beast;1.263.521.126;504.014.165;2017
Incredibles 2;1.242.805.359;608.581.744;2018
The Fate of the Furious;1.236.005.118;226.008.385;2017
Iron Man 3;1.214.811.252;409.013.994;2013
Minions;1.159.398.397;336.045.770;2015
Captain America: Civil War;1.153.296.293;408.084.349;2016
Aquaman;1.148.461.807;335.061.807;2018
The Lord of the Rings: The Return of the King;1.142.219.401;377.845.905;2003
Spider-Man: Far from Home;1.131.927.996;390.532.085;2019
Captain Marvel;1.128.274.794;426.829.839;2019
Transformers: Dark of the Moon;1.123.794.079;352.390.543;2011
Skyfall;1.108.561.013;304.360.277;2012
Transformers: Age of Extinction;1.104.054.072;245.439.076;2014
The Dark Knight Rises;1.081.041.287;448.139.099;2012
Joker;1.074.251.311;335.451.311;2019
Star Wars: Episode IX - The Rise of Skywalker;1.074.144.248;515.202.542;2019
Toy Story 4;1.073.394.593;434.038.008;2019
Toy Story 3;1.066.969.703;415.004.880;2010
Pirates of the Caribbean: Dead Man's Chest;1.066.179.725;423.315.812;2006
Rogue One: A Star Wars Story;1.056.057.273;532.177.324;2016
Aladdin;1.050.693.953;355.559.216;2019
Pirates of the Caribbean: On Stranger Tides;1.045.713.802;241.071.802;2011
Despicable Me 3;1.034.799.409;264.624.300;2017
Jurassic Park;1.032.020.521;402.828.120;1993
Finding Dory;1.028.570.889;486.295.561;2016
Star Wars: Episode I - The Phantom Menace;1.027.082.707;474.544.677;1999
Alice in Wonderland;1.025.467.110;334.191.110;2010
Zootopia;1.023.784.195;341.268.248;2016
The Hobbit: An Unexpected Journey;1.017.003.568;303.003.568;2012
The Dark Knight;1.004.934.033;535.234.033;2008
Harry Potter and the Sorcerer's Stone;978.087.613;318.087.620;2001
Harry Potter and the Deathly Hallows: Part 1;976.920.103;296.347.721;2010
Despicable Me 2;970.766.005;368.065.385;2013
The Lion King;968.511.805;422.783.777;1994
The Jungle Book;966.550.600;364.001.123;2016
Jumanji: Welcome to the Jungle;962.102.237;404.540.171;2017
Pirates of the Caribbean: At World's End;960.996.492;309.420.425;2007
The Hobbit: The Desolation of Smaug;958.366.855;258.366.855;2013
The Hobbit: The Battle of the Five Armies;956.019.788;255.119.788;2014
The Lord of the Rings: The Two Towers;951.208.089;342.551.365;2002
Harry Potter and the Order of the Phoenix;942.044.510;292.353.413;2007
Finding Nemo;940.343.261;380.843.261;2003
Harry Potter and the Half-Blood Prince;934.326.396;302.305.431;2009
Shrek 2;928.760.770;441.226.247;2004
Bohemian Rhapsody;903.655.259;216.428.042;2018
Harry Potter and the Goblet of Fire;896.346.229;290.417.905;2005
Spider-Man 3;894.983.373;336.530.303;2007
The Lord of the Rings: The Fellowship of the Ring;887.832.826;315.544.750;2001
Ice Age: Dawn of the Dinosaurs;886.686.817;196.573.705;2009
Spectre;880.674.609;200.074.609;2015
Spider-Man: Homecoming;880.166.924;334.201.140;2017
Harry Potter and the Chamber of Secrets;879.465.594;262.450.136;2002
Ice Age: Continental Drift;877.244.782;161.321.843;2012
The Secret Life of Pets;875.457.937;368.384.330;2016
Batman v Superman: Dawn of Justice;873.634.919;330.360.194;2016
Wolf Warrior 2;870.325.439;2.721.100;2017
Star Wars: Episode III - Revenge of the Sith;868.390.560;380.270.577;2005
The Hunger Games: Catching Fire;865.011.746;424.668.047;2013
Guardians of the Galaxy Vol. 2;863.756.051;389.813.101;2017
Inside Out;857.611.174;356.461.711;2015
Venom;856.085.151;213.515.506;2018
Thor: Ragnarok;853.977.126;315.058.289;2017
Transformers: Revenge of the Fallen;836.303.693;402.111.870;2009
Inception;829.895.144;292.576.195;2010
The Twilight Saga: Breaking Dawn - Part 2;829.746.820;292.324.737;2012
Spider-Man;825.025.036;407.022.860;2002
Wonder Woman;821.847.012;412.563.408;2017
Independence Day;817.400.891;306.169.268;1996
Fantastic Beasts and Where to Find Them;814.037.575;234.037.575;2016
Shrek the Third;813.367.380;322.719.944;2007
Coco;807.082.196;209.726.015;2017
Jumanji: The Next Level;796.575.993;316.831.246;2019
Harry Potter and the Prisoner of Azkaban;796.093.802;249.975.996;2004
Pirates of the Caribbean: Dead Men Tell No Tales;794.861.794;172.558.876;2017
E.T. the Extra-Terrestrial;793.482.178;435.110.554;1982
2012;791.217.826;166.112.167;2009
Mission: Impossible - Fallout;791.115.104;220.159.104;2018
Indiana Jones and the Kingdom of the Crystal Skull;790.653.942;317.101.119;2008
Spider-Man 2;788.976.453;373.585.825;2004
Fast & Furious 6;788.679.850;238.679.850;2013
Deadpool 2;785.794.179;324.591.735;2018
Deadpool;782.612.155;363.070.709;2016
Star Wars: Episode IV - A New Hope;775.512.064;460.998.507;1977
Guardians of the Galaxy;772.776.600;333.176.600;2014
The Da Vinci Code;760.006.945;217.536.138;2006
Fast & Furious Presents: Hobbs & Shaw;759.056.935;173.956.935;2019
Maleficent;758.410.378;241.410.378;2014
The Amazing Spider-Man;757.930.663;262.030.663;2012
The Hunger Games: Mockingjay - Part 1;755.356.711;337.135.885;2014
Shrek Forever After;752.600.867;238.736.787;2010
Madagascar 3: Europe's Most Wanted;746.921.274;216.391.482;2012
Suicide Squad;746.846.894;325.100.054;2016
X-Men: Days of Future Past;746.045.700;233.921.534;2014
The Chronicles of Narnia: The Lion. the Witch and the Wardrobe;745.013.115;291.710.957;2005
Monsters University;743.559.607;268.492.764;2013
The Matrix Reloaded;741.846.459;281.576.461;2003
Up;735.099.082;293.004.164;2009
Ne Zha;726.063.471;3.695.533;2019
Gravity;723.192.705;274.092.705;2013
Captain America: The Winter Soldier;714.421.503;259.766.572;2014
The Twilight Saga: Breaking Dawn - Part 1;712.205.856;281.287.133;2011
The Twilight Saga: New Moon;711.020.081;297.816.253;2009
Dawn of the Planet of the Apes;710.644.566;208.545.589;2014
Transformers;709.709.780;319.246.193;2007
The Amazing Spider-Man 2;708.982.323;202.853.933;2014
It;701.796.444;328.828.874;2017
The Wandering Earth;699.760.773;5.875.487;2019
The Twilight Saga: Eclipse;698.491.347;300.531.751;2010
Mission: Impossible - Ghost Protocol;694.713.380;209.397.903;2011
The Hunger Games;694.394.724;408.010.692;2012
Moana;690.845.539;248.757.044;2016
Mission: Impossible - Rogue Nation;682.714.267;195.042.377;2015
Forrest Gump;678.222.284;330.455.270;1994
Doctor Strange;677.718.395;232.641.920;2016
Interstellar;677.471.339;188.020.017;2014
The Sixth Sense;672.806.292;293.506.292;1999
Man of Steel;668.045.518;291.045.518;2013
Ice Age: The Meltdown;667.094.506;195.330.621;2006
Kung Fu Panda 2;665.692.281;165.249.063;2011
The Hunger Games: Mockingjay - Part 2;658.344.137;281.723.902;2015
Justice League;657.924.295;229.024.295;2017
Big Hero 6;657.827.828;222.527.828;2014
Fantastic Beasts: The Crimes of Grindelwald;654.855.901;159.555.901;2018
Pirates of the Caribbean: The Curse of the Black Pearl;654.264.015;305.413.918;2003
Star Wars: Episode II - Attack of the Clones;653.779.970;310.676.740;2002
Thor: The Dark World;644.783.140;206.362.140;2013
Sing;634.151.679;270.395.425;2016
Monsters. Inc.;632.316.649;289.916.256;2001
Kung Fu Panda;631.746.197;215.434.591;2008
The Incredibles;631.606.713;261.441.092;2004
The Martian;630.161.890;228.433.663;2015
Hancock;629.443.428;227.946.274;2008
Fast Five;626.137.675;209.837.675;2011
Men in Black 3;624.026.776;179.020.854;2012
Iron Man 2;623.933.331;312.433.331;2010
Ratatouille;623.726.085;206.445.654;2007
Ant-Man and the Wasp;622.674.139;216.648.740;2018
How to Train Your Dragon 2;621.537.519;177.002.924;2014
Logan;619.021.436;226.277.068;2017
The Lost World: Jurassic Park;618.638.999;229.086.679;1997
Casino Royale;616.501.619;167.445.960;2006
The Passion of the Christ;612.054.428;370.782.930;2004
Mamma Mia!;609.896.805;144.169.664;2008
Life of Pi;609.016.565;124.987.023;2012
Transformers: The Last Knight;605.425.157;130.168.683;2017
Madagascar: Escape 2 Africa;603.900.354;180.010.950;2008
War of the Worlds;603.873.119;234.280.354;2005
Tangled;592.461.732;200.821.936;2010
Quantum of Solace;589.580.482;168.368.427;2008
Men in Black;589.390.539;250.690.539;1997
The Croods;587.204.668;187.168.425;2013
The Hangover Part II;586.764.305;254.464.305;2011
I Am Legend;585.410.052;256.393.010;2007
Iron Man;585.366.247;318.604.126;2008
Ready Player One;582.890.172;137.690.172;2018
Operation Red Sea;579.330.426;1.543.547;2018
Night at the Museum;574.480.841;250.863.268;2006
Fifty Shades of Grey;569.651.467;166.167.230;2015
Kong: Skull Island;566.652.812;168.052.812;2017
The Smurfs;563.749.323;142.614.158;2011
King Kong;562.363.449;218.080.025;2005
Cars 2;559.852.396;191.452.396;2011
Puss in Boots;554.987.477;149.260.504;2011
The Mermaid;553.810.228;3.232.685;2016
Armageddon;553.709.788;201.578.182;1998
The Day After Tomorrow;552.639.571;186.740.799;2004
Ted;549.368.315;218.815.487;2012
Star Wars: Episode V - The Empire Strikes Back;547.937.125;290.271.960;1980
American Sniper;547.426.372;350.126.372;2014
Mission: Impossible II;546.388.108;215.409.889;2000
Detective Chinatown 2;544.185.156;1.983.984;2018
X-Men: Apocalypse;543.934.105;155.442.489;2016
Sherlock Holmes: A Game of Shadows;543.848.418;186.848.418;2011
Despicable Me;543.113.985;251.513.985;2010
Cinderella;542.351.353;201.151.353;2015
Madagascar;542.063.846;193.595.521;2005
World War Z;540.007.876;202.359.711;2013
Brave;538.983.207;237.283.207;2012
The Simpsons Movie;536.414.270;183.135.014;2007
The Revenant;532.950.503;183.637.894;2015
The Meg;530.243.742;145.443.742;2018
Ralph Breaks the Internet;529.323.962;201.091.711;2018
Hotel Transylvania 3: Summer Vacation;528.583.774;167.510.016;2018
The Boss Baby;527.965.936;491.977.191;2017
Dunkirk;526.940.665;189.740.665;2017
Godzilla;524.976.069;200.676.069;2014
Sherlock Holmes;524.028.679;209.028.679;2009
Meet the Fockers;522.657.936;279.261.160;2004
How to Train Your Dragon: The Hidden World;521.799.505;160.799.505;2019
WALL·E;521.311.860;223.808.164;2008
Kung Fu Panda 3;521.170.825;143.528.619;2016
Terminator 2: Judgment Day;520.884.847;205.881.154;1991
Ant-Man;519.311.965;180.202.163;2015
The Grinch;511.595.957;270.620.950;2018
Ghost;505.869.714;217.631.306;1990
Aladdin;504.050.219;217.350.219;1992
Rio 2;498.781.117;131.538.435;2014
Troy;497.409.852;133.378.256;2004
Toy Story 2;497.374.776;245.852.179;1999
How to Train Your Dragon;494.878.759;217.581.231;2010
Twister;494.471.524;241.721.524;1996
Oz the Great and Powerful;493.311.825;234.911.825;2013
Clash of the Titans;493.214.993;163.214.888;2010
Maleficent: Mistress of Evil;491.730.089;113.929.605;2019
War for the Planet of the Apes;490.719.763;146.880.162;2017
Shrek;488.179.189;267.665.011;2001
Mr. & Mrs. Smith;487.287.646;186.336.279;2005
Angels & Demons;485.930.816;133.375.846;2009
Teenage Mutant Ninja Turtles;485.004.754;191.204.754;2014
Bruce Almighty;484.592.874;242.829.261;2003
Rio;483.866.518;143.619.809;2011
Saving Private Ryan;482.349.603;217.049.603;1998
Rise of the Planet of the Apes;481.800.873;176.760.185;2011
Home Alone;477.063.114;285.761.243;1990
Star Wars: Episode VI - Return of the Jedi;475.347.111;309.306.177;1983
Charlie and the Chocolate Factory;474.968.763;206.459.076;2005
Hotel Transylvania 2;474.800.000;169.700.110;2015
Indiana Jones and the Last Crusade;474.310.887;197.171.806;1989
San Andreas;473.990.832;155.190.832;2015
It Chapter Two;473.093.228;211.593.228;2019
Wreck-It Ralph;471.222.889;189.422.889;2012
Jaws;471.203.004;260.000.000;1975
The Hangover;469.310.836;277.322.503;2009
The Lego Movie;468.060.692;257.760.692;2014
Bumblebee;467.989.645;127.195.589;2018
Star Trek Into Darkness;467.365.246;228.778.661;2013
The Matrix;465.343.787;171.479.930;1999
Pretty Woman;463.406.268;178.406.268;1990
Cars;461.983.149;244.082.982;2006
Gladiator;460.583.960;187.705.427;2000
X-Men: The Last Stand;460.435.291;234.362.462;2006
National Treasure: Book of Secrets;459.242.249;219.964.115;2007
Lucy;458.863.600;126.663.600;2014
Mission: Impossible;457.731.198;180.981.856;1996
300;456.068.181;210.614.939;2007
The Last Samurai;454.627.263;111.127.263;2003
Dying to Survive;451.183.391;6.752;2018
Ocean's Eleven;450.717.150;183.417.150;2001
My People. My Country;450.064.993;2.356.683;2019
Thor;449.326.618;181.030.624;2011
Pearl Harbor;449.220.945;198.542.554;2001
Tarzan;448.191.819;171.091.819;1999
La La Land;446.486.224;151.101.803;2016
Men in Black II;445.135.288;193.735.288;2002
The Bourne Ultimatum;444.100.035;227.471.070;2007
The Mummy Returns;443.280.904;202.019.785;2001
Alvin and the Chipmunks: The Squeakquel;443.140.005;219.614.612;2009
Les Misérables;441.809.770;148.809.770;2012
The Exorcist;441.306.145;232.906.145;1973
Mrs. Doubtfire;441.286.195;219.195.243;1993
Terminator Genisys;440.603.537;89.760.956;2015
Beauty and the Beast;440.118.382;218.967.620;1991
Warcraft;439.048.914;47.365.290;2016
A Star Is Born;436.188.866;215.288.866;2018
The Greatest Showman;434.993.183;174.340.174;2017
Terminator 3: Rise of the Machines;433.371.112;150.371.112;2003
Pokémon Detective Pikachu;433.005.346;144.105.346;2019
Die Another Day;431.971.116;160.942.139;2002
The Secret Life of Pets 2;430.051.293;158.874.395;2019
Cast Away;429.632.142;233.632.142;2000
Rampage;428.028.233;101.028.233;2018
The King's Speech;427.374.317;138.797.449;2010
The Matrix Revolutions;427.344.031;139.313.948;2003
The Intouchables;426.588.510;10.198.820;2011
Django Unchained;425.368.238;162.805.434;2012
Dances with Wolves;424.208.848;184.208.848;1990
The Chronicles of Narnia: Prince Caspian;419.665.568;141.621.490;2008
Bad Boys for Life;419.074.646;204.417.855;2020
Sex and the City;418.765.321;152.647.258;2008
The Captain;416.953.262;706.572;2019
The Mummy;415.933.406;155.385.488;1999
The Chronicles of Narnia: The Voyage of the Dawn Treader;415.686.217;104.386.950;2010
Jason Bourne;415.484.914;162.434.410;2016
The Wolverine;414.828.246;132.556.852;2013
Kingsman: The Secret Service;414.351.546;128.261.724;2015
Night at the Museum: Battle of the Smithsonian;413.106.170;177.243.721;2009
Batman;411.556.825;251.348.343;1989
The Bodyguard;411.006.740;122.006.740;1992
Pacific Rim;411.002.906;101.802.906;2013
Kingsman: The Golden Circle;410.902.662;100.234.838;2017
The Mummy;409.231.607;80.227.895;2017
Ice Age: Collision Course;408.579.038;64.063.008;2016
Twilight;408.424.673;193.962.473;2008
Signs;408.247.917;227.966.634;2002
X2: X-Men United;407.711.549;214.949.694;2003
Alita: Battle Angel;404.852.543;85.710.210;2019
Toy Story;404.265.438;222.498.679;1995
The Mummy: Tomb of the Dragon Emperor;403.449.830;102.491.776;2008
Prometheus;403.354.469;126.477.084;2012
Gone with the Wind;402.352.579;200.852.579;1939
TRON: Legacy;400.062.763;172.062.763;2010
Mission: Impossible III;398.479.497;134.029.801;2005
Grease;397.078.524;189.969.103;1978
Snow White and the Huntsman;396.592.829;155.332.381;2012
Mamma Mia! Here We Go Again;395.044.706;120.634.935;2018
Solo: A Star Wars Story;392.924.807;213.767.512;2018
The Wolf of Wall Street;392.000.694;116.900.694;2013
Back to the Future;391.341.971;211.159.762;1985
Superman Returns;391.081.192;200.081.192;2006
Robin Hood: Prince of Thieves;390.493.908;165.493.908;1991
Raiders of the Lost Ark;390.133.212;248.159.971;1981
Independence Day: Resurgence;389.681.935;103.144.286;2016
Live Free or Die Hard;388.156.011;134.529.403;2007
Monster Hunt;387.053.506;32.766;2015
Godzilla: King of the Monsters;386.600.138;110.500.138;2019
Home;386.041.607;177.397.510;2015
Star Trek;385.680.446;257.730.019;2009
Happy Feet;384.335.608;198.000.317;2006
Cars 3;383.930.656;152.901.115;2017
Ice Age;383.257.136;176.387.405;2002
Fifty Shades Darker;381.545.846;114.581.250;2017
Monsters vs. Aliens;381.509.870;198.351.526;2009
Godzilla;379.014.294;136.314.294;1998
True Lies;378.882.411;146.282.411;1994
Slumdog Millionaire;378.021.385;141.319.928;2008
Taken 2;376.141.306;139.854.287;2012
G.I. Joe: Retaliation;375.740.705;122.523.060;2013
Spider-Man: Into the Spider-Verse;375.540.831;190.241.310;2018
Mad Max: Fury Road;375.209.362;154.058.340;2015
Shark Tale;374.583.879;160.861.908;2004
Once Upon a Time... in Hollywood;374.343.626;142.502.728;2019
What Women Want;374.111.707;182.811.707;2000
The Adventures of Tintin;373.993.951;77.591.831;2011
Penguins of Madagascar;373.515.621;83.850.911;2014
Batman Begins;373.462.327;206.852.432;2005
X-Men Origins: Wolverine;373.062.864;179.883.157;2009
The Golden Compass;372.234.864;70.107.728;2007
Fifty Shades Freed;371.985.018;100.407.760;2018
Hitch;371.594.210;179.495.555;2005
Terminator Salvation;371.353.001;125.322.469;2009
Captain America: The First Avenger;370.569.774;176.654.505;2011
Edge of Tomorrow;370.541.256;100.206.256;2014
There's Something About Mary;369.884.651;176.484.651;1998
Gone Girl;369.330.363;167.767.189;2014
The Fugitive;368.875.760;183.875.760;1993
Jurassic Park III;368.780.809;181.171.875;2001
My Big Fat Greek Wedding;368.744.044;241.438.208;2002
1917;368.027.644;159.227.644;2019
Die Hard with a Vengeance;366.236.538;100.012.499;1995
Shazam!;365.971.656;140.371.656;2019
The Nun;365.550.119;117.450.119;2018
Alvin and the Chipmunks;365.352.546;217.326.974;2007
Home Alone 2: Lost in New York;365.154.932;173.585.516;1992
Notting Hill;363.944.522;116.089.678;1999
A Bug's Life;363.258.859;162.798.565;1998
Night at the Museum: Secret of the Tomb;363.204.635;113.746.621;2014
Ocean's Twelve;362.744.280;125.544.280;2004
Planet of the Apes;362.211.740;180.011.740;2001
The Hangover Part III;362.000.072;112.200.072;2013
The World Is Not Enough;361.832.400;126.943.684;1999
Monster Hunt 2;361.682.618;706.153;2018
Fast & Furious;360.364.265;155.064.265;2009
Noah;359.200.044;101.200.044;2014
The Karate Kid;359.126.022;176.591.618;2010
Hotel Transylvania;358.375.603;148.313.048;2011
Minority Report;358.372.926;132.072.926;2002
Your Name.;357.986.087;5.017.246;2016
Top Gun;356.830.601;179.800.601;1986
The Legend of Tarzan;356.700.357;126.643.061;2016
American Beauty;356.296.601;130.096.601;1999
Apollo 13;355.237.933;173.837.933;1995
Rain Man;354.825.435;172.825.435;1988
The Great Gatsby;353.641.895;144.840.419;2013
Dumbo;353.284.621;114.766.307;2019
I. Robot;353.133.898;144.801.023;2004
Basic Instinct;352.927.224;117.727.224;1992
Murder on the Orient Express;352.789.811;102.826.543;2017
X-Men: First Class;352.616.690;146.408.305;2011
The Angry Birds Movie;352.333.929;107.509.366;2016
GoldenEye;352.194.034;106.429.941;1995
Catch Me If You Can;352.114.312;164.615.351;2002
Now You See Me;351.723.989;117.723.989;2013
Hannibal;351.692.268;165.092.268;2001
The Mask;351.583.407;119.938.730;1994
Peter Rabbit;351.266.433;115.253.424;2018
Speed;350.448.145;121.248.145;1994
Dinosaur;349.822.765;137.748.063;2000
Mary Poppins Returns;349.537.494;171.958.438;2018
Deep Impact;349.464.664;140.464.664;1998
The Lorax;348.840.316;214.030.500;2012
The Maze Runner;348.319.861;102.427.862;2014
Spirited Away;347.742.810;13.750.644;2001
The Smurfs 2;347.545.360;71.017.784;2013
National Treasure;347.512.318;173.008.894;2004
Rush Hour 2;347.325.802;226.164.286;2001
Trolls;346.864.462;153.707.064;2016
xXx: Return of Xander Cage;346.118.277;44.898.413;2017
Pocahontas;346.079.773;141.579.773;1995
How the Grinch Stole Christmas;345.141.403;260.044.825;2000
Star Trek Beyond;343.471.816;158.848.340;2016
Alvin and the Chipmunks: Chipwrecked;342.695.435;133.110.742;2011
Wanted;342.463.063;134.508.551;2008
The Flintstones;341.631.208;130.531.208;1994
A Quiet Place;340.939.361;188.024.361;2018
Enchanted;340.487.652;127.807.262;2007
Over the Hedge;339.795.890;155.019.340;2006
Back to the Future Part II;338.936.043;119.000.002;1989
300: Rise of an Empire;337.580.051;106.580.051;2014
Batman Forever;336.567.531;184.069.126;1995
Prince of Persia: The Sands of Time;336.365.676;90.759.676;2009
The Curious Case of Benjamin Button;335.802.786;127.509.326;2008
Journey 2: The Mysterious Island;335.260.290;103.860.290;2012
The Rock;335.062.621;134.069.511;1996
The Great Wall;334.933.831;45.540.830;2016
Now You See Me 2;334.897.606;65.075.540;2016
Fantastic Four;333.535.934;154.696.080;2005
Indiana Jones and the Temple of Doom;333.107.271;179.870.271;1984
Tomorrow Never Dies;333.011.068;125.304.276;1997
The Good Dinosaur;332.207.671;123.087.120;2015
22 Jump Street;331.333.876;191.719.337;2014
Meet the Parents;330.444.045;166.244.045;2000
Who Framed Roger Rabbit;329.803.958;156.452.370;1988
Black Swan;329.398.046;106.954.678;2010
The Perfect Storm;328.718.434;182.618.434;2000
Crocodile Dundee;328.203.506;174.803.506;1986
Green Book;327.909.440;85.080.171;2018
The Devil Wears Prada;327.893.740;124.740.460;2006
Se7en;327.333.559;100.125.643;1995
John Wick: Chapter 3 - Parabellum;326.709.727;171.015.687;2019
Taken 3;326.479.141;89.256.424;2015
The Hunchback of Notre Dame;325.338.851;100.138.851;1996
A Christmas Carol;325.286.646;137.855.863;2009
The SpongeBob Movie: Sponge Out of Water;325.186.032;162.994.032;2015
Schindler's List;322.287.794;96.898.818;1993
Megamind;321.885.765;148.415.853;2010
Lethal Weapon 3;321.731.527;144.731.527;1992
The Ugly Truth;321.682.600;88.915.214;2009
Robin Hood;321.669.741;105.269.730;2010
Inglourious Basterds;321.455.689;120.540.719;2009
101 Dalmatians;320.689.294;136.189.294;1996
The Conjuring 2;320.392.818;102.470.008;2016
Fatal Attraction;320.145.693;156.645.693;1987
The Last Airbender;319.713.881;131.772.187;2010
The Conjuring;319.494.638;137.400.141;2013
The Proposal;317.375.031;163.958.031;2009
A Beautiful Mind;316.791.257;170.742.341;2001
Beverly Hills Cop;316.360.478;234.760.478;1984
Air Force One;315.156.409;172.956.409;1997
The Expendables 2;314.975.955;85.028.192;2012
Chicken Little;314.432.837;135.386.665;2005
As Good as It Gets;314.178.011;148.478.011;1997
The Polar Express;313.500.433;187.224.490;2004
Maze Runner: The Scorch Trials;312.296.056;81.697.192;2015
Resident Evil: The Final Chapter;312.242.626;26.830.068;2016
Austin Powers: The Spy Who Shagged Me;312.016.928;206.040.086;1999
The Lego Batman Movie;311.950.384;175.750.384;2017
Ocean's Thirteen;311.312.624;117.154.724;2007
Little Fockers;310.650.585;148.438.600;2010
Bolt;309.979.994;114.053.579;2008
Ransom;309.492.681;136.492.681;1996
Runaway Bride;309.460.292;152.257.509;1999
Knives Out;309.232.797;165.363.234;2019
The Blind Side;309.208.309;255.959.475;2009
The Ex-File 3: The Return of The Exes;307.592.427;838.959;2017
The Fault in Our Stars;307.166.834;124.872.350;2014
The Pursuit of Happyness;307.127.625;163.566.459;2006
Rise of the Guardians;306.941.670;103.412.758;2012
Close Encounters of the Third Kind;306.898.466;135.189.114;1977
Chicago;306.776.732;170.687.518;2002
Sonic the Hedgehog;306.766.470;146.066.470;2020
Annabelle: Creation;306.515.884;102.092.201;2017
Wonder;305.937.718;132.422.809;2017
Skyscraper;304.868.961;68.420.120;2018
A Good Day to Die Hard;304.654.182;67.349.198;2013
Mulan;304.320.254;120.620.254;1998
Dangal;303.723.636;12.391.761;2016
Passengers;303.144.152;100.014.699;2016
Battleship;303.025.485;65.422.625;2012
Liar Liar;302.710.615;181.410.615;1997
G.I. Joe: The Rise of Cobra;302.469.017;150.201.498;2009
Wrath of the Titans;301.970.083;83.670.083;2012
Fantastic 4: Rise of the Silver Surfer;301.913.131;131.921.738;2007
Hook;300.854.823;119.654.823;1991
Rocky IV;300.473.716;127.873.716;1985
Superman;300.451.603;134.451.603;1978
Rambo: First Blood Part II;300.400.432;150.415.432;1985
Resident Evil: Afterlife;300.228.084;60.128.566;2010
Van Helsing;300.157.638;120.177.084;2004
Stuart Little;300.135.367;140.035.367;1999
Beverly Hills Cop II;299.965.036;153.665.036;1987
Alice Through the Looking Glass;299.457.024;77.041.381;2016
My Best Friend's Wedding;299.288.605;127.120.029;1997
Real Steel;299.268.508;85.468.508;2011
Horton Hears a Who!;298.572.799;154.529.439;2008
Ocean's 8;297.718.711;140.218.711;2018
Insurgent;297.002.527;130.179.072;2015
Look Who's Talking;296.999.813;140.088.813;1989
Austin Powers in Goldmember;296.938.801;213.307.889;2002
Miss Peregrine's Home for Peculiar Children;296.482.446;87.242.834;2016
X-Men;296.339.528;157.299.718;2000
Ferdinand;296.069.199;84.410.380;2017
Ghostbusters;295.743.767;242.582.079;1984
Shutter Island;294.804.195;128.012.934;2010
Doctor Dolittle;294.456.605;144.156.605;1998
Bee Movie;293.514.336;126.631.277;2007
Salt;293.503.354;118.311.368;2010
G-Force;292.817.841;119.436.770;2009
The Departed;291.465.034;132.384.315;2006
What Lies Beneath;291.420.351;155.464.351;2000
Pacific Rim: Uprising;290.930.148;59.874.525;2018
The Bourne Supremacy;290.835.269;176.241.941;2004
Sex and the City 2;290.745.055;95.347.692;2010
Shakespeare in Love;289.317.794;100.317.794;1998
Divergent;288.885.818;150.947.895;2014
Coming to America;288.752.301;128.152.301;1988
Wedding Crashers;288.467.645;209.255.921;2005
Bridesmaids;288.383.523;169.106.725;2011
Maze Runner: The Death Cure;288.175.335;58.032.443;2018
Casper;287.928.194;100.328.194;1995
American Pie 2;287.553.595;145.103.595;2001
Pitch Perfect 2;287.144.079;184.296.230;2015
The Green Mile;286.801.374;136.801.374;1999
Oblivion;286.168.572;89.107.235;2013
Elysium;286.140.700;93.050.117;2013
Lethal Weapon 4;285.444.603;130.444.603;1998
John Carter;284.139.100;73.078.100;2012
Paddington;282.839.394;76.271.832;2014
Turbo;282.570.682;83.028.128;2013
Bridget Jones's Diary;281.929.795;71.543.427;2001
The Tourist;278.780.441;67.631.157;2010
Split;278.454.358;138.291.365;2017
Scary Movie;278.019.771;157.019.771;2000
xXx;277.448.382;142.109.382;2002
The Bourne Legacy;276.144.750;113.203.870;2012
Mr. Peabody & Sherman;275.698.039;111.506.430;2014
Scooby-Doo;275.650.703;153.294.164;2002
Lincoln;275.293.450;182.207.973;2012
Lara Croft: Tomb Raider;274.703.340;131.168.070;2001
Tomb Raider;274.650.803;58.250.803;2018
The Expendables;274.470.394;103.068.524;2010
Cloudy with a Chance of Meatballs 2;274.325.949;119.793.567;2013
The Little Mermaid;274.176.364;111.543.479;1989
The Nutty Professor;273.961.019;128.814.019;1996
Jerry Maguire;273.552.592;153.952.592;1996
Bad Boys II;273.339.556;138.608.444;2003
Lilo & Stitch;273.144.151;145.794.338;2002
The Silence of the Lambs;272.753.884;130.742.922;1991
Grown Ups;271.430.189;162.001.186;2010
Neighbors;270.665.134;150.157.400;2014
The Firm;270.248.367;158.348.367;1993
We're the Millers;269.994.119;150.394.119;2012
Gran Torino;269.958.228;148.095.302;2008
10.000 BC;269.784.201;94.784.201;2008
American Gangster;269.755.430;130.164.645;2007
Epic;268.426.634;107.518.682;2013
Exodus: Gods and Kings;268.175.631;65.014.513;2014
Bambi;267.447.150;102.247.150;1942
The Princess and the Frog;267.045.765;104.400.899;2009
Batman Returns;266.903.053;162.902.340;1992
Indecent Proposal;266.614.059;106.614.059;1993
Something's Gotta Give;265.328.738;124.728.738;2003
Bridget Jones: The Edge of Reason;265.126.918;40.226.215;2004
The Incredible Hulk;264.770.996;134.806.913;2008
Waterworld;264.218.220;88.246.220;1995
The Truman Show;264.118.201;125.618.201;1998
Charlie's Angels;264.105.545;125.305.545;2000
The Fifth Element;264.029.966;63.820.180;1997
Jumanji;262.821.940;100.499.940;1995
Borat: Cultural Learnings of America for Make Benefit Glorious Nation of Kazakhstan;262.552.893;128.505.958;2006
Robots;262.511.490;128.200.012;2005
Knight and Day;261.989.769;76.423.035;2008
Total Recall;261.317.921;119.412.921;1990
This Is It;261.183.588;72.091.016;2009
Terminator: Dark Fate;261.119.292;62.253.077;2019
The Lone Ranger;260.502.115;89.302.115;2013
Super 8;260.095.986;127.004.179;2011
Xun long jue;259.368.448;1.243.810;2015
Blade Runner 2049;259.239.658;92.054.159;2017
Charlie's Angels: Full Throttle;259.175.788;100.830.111;2003
Rush Hour 3;258.097.122;140.125.968;2007
The Full Monty;257.938.649;45.950.122;1997
Kung Fu Yoga;257.743.016;362.657;2017
Parasite;257.097.915;53.369.749;2019
Annabelle;257.047.661;84.273.813;2014
The Village;256.697.520;114.197.520;2003
Lost in Hong Kong;256.283.912;1.302.281;2015
Erin Brockovich;256.271.286;125.595.205;2000
Marley & Me;255.743.093;143.153.751;2008
Halloween;255.485.178;159.342.015;2018
Get Out;255.413.717;176.040.665;2017
Us;255.184.580;175.084.580;2019
Cliffhanger;255.000.211;84.049.211;1993
Baahubali 2: The Conclusion;254.158.390;20.186.659;2017
Babe;254.134.910;63.658.910;1995
Men in Black: International;253.890.701;80.001.807;2019
Wild Hogs;253.625.427;168.273.550;2007
High School Musical 3;252.909.177;90.559.416;2008
Hercules;252.712.101;99.112.101;1997
X-Men: Dark Phoenix;252.442.974;65.845.974;2019
True Grit;252.276.927;171.243.005;2010
Bean;251.212.670;45.319.423;1997
American Hustle;251.171.807;150.117.807;2013
Enemy of the State;250.849.789;111.549.836;1998
You've Got Mail;250.821.495;115.821.495;1998
Eragon;250.425.512;75.030.163;2006
Brother Bear;250.397.798;85.336.277;2003
The Mask of Zorro;250.288.523;94.095.523;1998
The Ring;249.348.933;129.128.133;2002
Back to the Future Part III;249.130.916;88.277.583;1990
The Blair Witch Project;248.639.099;140.539.099;1999
Unbreakable;248.118.121;95.011.339;2000
Journey to the West: The Demons Strike Back;247.585.244;880.346;2017
Dumb and Dumber;247.275.374;127.175.374;1994
Glass;246.999.039;111.048.468;2019
Grown Ups 2;246.984.278;133.668.525;2013
The Peanuts Movie;246.233.113;130.178.411;2015
The Godfather;246.120.974;134.966.411;1972
Rango;245.724.603;123.477.607;2011
Four Weddings and a Funeral;245.700.832;52.700.832;1994
Face/Off;245.676.146;112.276.146;1997
Teenage Mutant Ninja Turtles: Out of the Shadows;245.623.848;82.051.601;2016
Dark Shadows;245.527.149;79.727.149;2012
Hulk;245.285.165;132.177.234;2003
The Bravest;245.179.562;290.217;2019
Love Actually;244.931.766;59.696.144;2003
Pixels;244.874.809;78.747.585;2015
Hercules;244.819.862;72.688.614;2014
Rush Hour;244.721.064;141.186.864;1998
Journey to the Center of the Earth;244.232.688;101.704.370;2008
After Earth;243.611.982;60.522.097;2013
A Few Good Men;243.240.178;141.340.178;1992
Cloudy with a Chance of Meatballs;243.006.126;124.870.275;2009
8 Mile;242.875.078;116.750.901;2002
Daddy's Home;242.786.137;150.357.137;2015
RoboCop;242.688.965;58.607.007;2014
Eraser;242.295.562;101.295.562;1996
Alien: Covenant;240.891.763;74.262.031;2017
Sully;240.797.623;125.070.033;2016
Assassin's Creed;240.697.856;54.647.948;2016
Click;240.685.326;137.355.633;2006
Die Hard 2;240.247.433;117.540.947;1990
Resident Evil: Retribution;240.159.255;42.345.531;2012
Crocodile Dundee II;239.606.210;109.306.210;1988
Planes;239.258.712;90.288.712;2013
Crazy Rich Asians;238.532.921;174.532.921;2018
Batman & Robin;238.235.915;107.353.792;1997
Gulliver's Travels;237.382.724;42.779.261;2010
Gone in 60 Seconds;237.202.299;101.648.571;2000
Saturday Night Fever;237.113.184;94.213.184;1977
Silver Linings Playbook;236.412.453;132.092.958;2012
2 Fast 2 Furious;236.350.661;127.154.901;2003
Howl's Moving Castle;236.212.992;5.576.743;2004
Hidden Figures;235.956.898;169.607.287;2016
A.I. Artificial Intelligence;235.926.552;78.616.689;2001
Dead Poets Society;235.860.116;95.860.116;1988
Spy;235.666.219;110.825.712;2015
American Pie;235.483.004;102.561.004;1999
American Reunion;234.989.584;57.011.521;2012
Big Daddy;234.801.895;163.479.795;1999
Alvin and the Chipmunks: The Road Chip;234.798.636;85.886.987;2015
The Imitation Game;233.555.708;91.125.683;2014
The Day the Earth Stood Still;233.093.859;79.366.978;2008
American Wedding;232.722.935;104.565.114;2003
The Girl with the Dragon Tattoo;232.617.430;102.515.793;2011
Juno;232.372.681;143.495.265;2007
Argo;232.325.503;136.025.503;2012
Mr. Bean's Holiday;232.225.908;33.302.167;2007
The English Patient;231.976.425;78.676.425;1996
Sister Act;231.605.150;139.605.150;1992
Annabelle Comes Home;231.252.591;74.152.591;2019
Constantine;230.884.728;75.976.178;2005
Get Smart;230.685.453;130.319.208;2008
Space Jam;230.418.342;90.418.342;1996
Life Is Beautiful;230.098.753;57.563.264;1998
The Heat;229.930.771;159.582.188;2013
Ghostbusters;229.147.509;128.350.574;2016
Ghost Rider;228.738.393;115.802.596;2007
Goodbye Mr. Loser;228.122.928;1.293.626;2015
Paddington 2;227.978.523;40.891.591;2017
Sleepless in Seattle;227.927.165;126.808.165;1993
Lethal Weapon 2;227.853.986;147.253.986;1989
The Green Hornet;227.817.248;98.780.042;2011
Out of Africa;227.542.205;87.071.205;1985
Youth;227.091.290;1.891.956;2017
Baby Driver;226.945.087;107.825.862;2017
Immortals;226.904.017;83.504.017;2011
Taken;226.837.760;145.000.989;2008
Percy Jackson & the Olympians: The Lightning Thief;226.497.209;88.768.303;2010
Hansel & Gretel: Witch Hunters;226.349.749;55.703.475;2013
Good Will Hunting;225.933.435;138.433.435;1997
Valerian and the City of a Thousand Planets;225.874.228;41.189.488;2017
Ford v Ferrari;225.508.210;117.624.357;2019
Better Days;225.320.294;1.921.657;2019
Jumper;225.132.113;80.172.128;2008
The Social Network;224.920.315;96.962.694;2010
Chicken Run;224.834.564;106.834.564;2000
Con Air;224.012.234;101.117.573;1997
Interview with the Vampire: The Vampire Chronicles;223.664.608;105.264.608;1994
Flightplan;223.387.299;89.707.299;2005
Dolittle;223.343.452;77.047.065;2020
Yes Man;223.241.637;97.690.976;2008
Non-Stop;222.809.600;92.168.600;2014
Honey. I Shrunk the Kids;222.724.172;130.724.172;1989
Fahrenheit 9/11;222.446.882;119.194.771;2004
Wild Wild West;222.104.681;113.804.681;1999
Elf;221.671.773;174.626.840;2003
Geostorm;221.600.160;33.700.160;2017
Presumed Innocent;221.303.188;86.303.188;1990
Collateral;220.926.695;101.005.703;2004
Scary Movie 3;220.673.217;110.003.217;2003
Inferno;220.021.259;34.343.574;2016
Knocked Up;219.922.417;148.768.917;2007
Green Lantern;219.851.172;116.601.172;2011
What Happens in Vegas;219.375.562;80.277.646;2008
It's Complicated;219.103.655;112.735.375;2009
The Terminal;219.100.084;77.872.883;2004
Captain Phillips;218.791.811;107.100.855;2013
The Prince of Egypt;218.613.188;101.413.188;1998
Jack Reacher;218.340.595;80.070.736;2012
Kingdom of Heaven;218.122.627;47.398.413;2005
The Emoji Movie;217.776.646;86.089.513;2017
Dirty Dancing;217.688.008;64.577.242;1987
Dracula Untold;217.124.280;56.280.355;2014
Central Intelligence;216.972.543;127.440.871;2016
Million Dollar Baby;216.763.646;100.492.203;2004
The Help;216.639.112;169.708.112;2011
Twins;216.614.388;111.938.388;1988
Valentine's Day;216.485.654;110.485.654;2010
Bad Teacher;216.197.492;100.292.856;2011
One Hundred and One Dalmatians;216.026.182;144.880.014;1961
Clear and Present Danger;215.887.717;122.187.717;1994
Ted 2;215.863.606;81.476.385;2015
Bram Stoker's Dracula;215.862.692;82.522.790;1992
Vertical Limit;215.663.859;69.243.859;2000
Ghostbusters II;215.394.738;112.494.738;1989
The Patriot;215.294.342;113.330.342;2000
The Sorcerer's Apprentice;215.283.742;63.150.991;2010
Just Go with It;214.945.591;103.028.109;2011
The Expendables 3;214.657.577;39.322.544;2014
The Fast and the Furious;214.463.726;144.533.925;2001
Creed II;214.215.889;115.715.889;2018
Pulp Fiction;214.179.088;107.928.762;1994
Public Enemies;214.104.620;97.104.620;2009
Smallfoot;214.040.103;83.240.103;2018
The Bourne Identity;214.034.224;121.661.683;2002
Disclosure;214.015.089;83.015.089;1994
The Aviator;213.719.942;102.610.330;2004
Crouching Tiger. Hidden Dragon;213.525.736;128.078.872;2000
Braveheart;213.216.216;75.609.945;1995
Into the Woods;212.902.372;128.002.372;2014
Bedtime Stories;212.874.864;110.101.975;2008
Miss Congeniality;212.742.720;106.807.667;2000
Entrapment;212.404.396;87.704.396;1999
Ace Ventura: When Nature Calls;212.385.533;108.385.533;1995
End of Days;211.989.043;66.889.043;1999
Bridget Jones's Baby;211.952.420;24.252.420;2016
Battle Los Angeles;211.819.354;83.552.429;2011
Fury;211.817.906;85.817.906;2014
Australia;211.787.511;49.554.002;2008
Due Date;211.780.824;100.539.043;2010
Master and Commander: The Far Side of the World;211.622.535;93.927.920;2003
Lemony Snicket's A Series of Unfortunate Events;211.468.235;118.634.549;2004
District 9;210.888.950;115.646.235;2009
The Jungle Book;210.310.084;141.843.612;1967
Moonraker;210.308.099;70.308.099;1979
The Others;209.947.037;96.522.687;2001
Horrible Bosses;209.838.559;117.538.559;2011
Red Dragon;209.196.298;93.149.898;2002
Tomorrowland;209.035.668;93.436.322;2015
Me Before You;208.314.186;56.245.075;2016
Safe House;208.076.205;126.373.434;2012
S.W.A.T.;207.725.639;116.934.650;2003
Little Women;207.601.214;108.101.214;2019
Traffic;207.515.725;124.115.725;2000
Paranormal Activity 3;207.039.844;104.028.807;2011
Philadelphia;206.678.440;77.446.440;1993
Sleepy Hollow;206.071.502;101.071.502;1999
The Holiday;205.841.885;63.224.849;2006
London Has Fallen;205.754.447;62.524.260;2016
A Dog's Purpose;205.736.628;64.508.620;2017
The Break-Up;205.668.210;118.703.275;2006
Journey to the West;205.637.183;18.058;2013
JFK;205.405.498;70.405.498;1991
White House Down;205.366.737;73.103.784;2013
Fun with Dick and Jane;204.681.899;110.332.737;2005
Eat Pray Love;204.594.016;80.574.010;2010
You Don't Mess with the Zohan;204.313.400;100.018.837;2008
King Arthur;203.567.857;51.882.244;2004
Hairspray;203.552.922;118.871.849;2007
Yogi Bear;203.512.950;100.246.011;2010
Everest;203.427.584;43.482.270;2015
Vanilla Sky;203.388.341;100.618.344;2001
Arrival;203.388.186;100.546.139;2016
Need for Speed;203.277.636;43.577.636;2014
Ponyo;203.204.882;15.743.471;2008
Garfield;203.172.417;75.369.589;2004
The Addams Family;203.044.905;100.044.905;2019
Patch Adams;202.292.902;135.026.902;1998
Teenage Mutant Ninja Turtles;201.965.915;135.265.915;1990
Kindergarten Cop;201.957.688;91.457.688;1990
Birds of Prey: And the Fantabulous Emancipation of One Harley Quinn;201.858.461;84.158.461;2020
Straight Outta Compton;201.634.991;161.197.785;2015
21 Jump Street;201.585.328;138.447.667;2012
Valkyrie;201.545.517;83.077.833;2008
Open Season;200.811.689;85.105.259;2006
Cats & Dogs;200.687.492;93.385.515;2001
The Hunt for Red October;200.512.643;122.012.643;1990
Percy Jackson: Sea of Monsters;199.850.315;68.559.554;2013
Two Weeks Notice;199.043.242;93.354.851;2002
RED;199.006.387;90.380.162;2010
City of Angels;198.685.114;78.685.114;1998
The Pacifier;198.636.868;113.086.868;2005
50 First Dates;198.520.934;120.908.074;2004
Total Recall;198.467.168;58.877.969;2012
The Island;198.326.350;670.883;2018
The Impossible;198.087.212;19.019.882;2012
Lost in Thailand;197.757.387;57.387;2012
Christopher Robin;197.744.377;99.215.042;2018
Jack the Giant Slayer;197.687.603;65.187.603;2013
Smurfs: The Lost Village;197.183.546;45.020.282;2017
Spy Kids 3-D: Game Over;197.101.678;111.761.982;2003
Panic Room;197.079.546;96.397.334;2002
The Other Woman;196.710.396;83.911.193;2014
Stargate;196.567.262;71.567.262;1994
Beowulf;196.393.745;82.280.579;2007
The Vow;196.114.570;125.014.030;2012
Anger Management;195.745.823;135.645.823;2003
Tropic Thunder;195.702.811;110.515.313;2008
The Shape of Water;195.333.312;63.859.435;2017
The Pelican Brief;195.268.056;100.768.056;1993
The BFG;195.243.411;55.483.770;2016
Rocketman;195.179.299;96.368.160;2019
The Intern;194.564.672;75.764.672;2015
Wallace & Gromit: The Curse of the Were-Rabbit;194.111.171;56.110.897;2005
Gnomeo & Juliet;193.967.670;99.967.670;2011
The Sum of All Fears;193.921.372;118.907.036;2002
Gangs of New York;193.772.504;77.812.000;2002
The Monkey King 2;193.678.298;709.982;2016
Paranormal Activity;193.355.800;107.918.810;2009
The Equalizer;192.330.738;101.530.738;2014
The Lego Movie 2: The Second Part;192.306.508;105.806.508;2019
Downton Abbey;192.094.429;96.854.135;2019
The Addams Family;191.502.426;113.502.426;1991
The Longest Yard;191.466.556;158.119.460;2005
Cheaper by the Dozen;190.538.630;138.614.544;2003
The Equalizer 2;190.400.157;102.084.362;2018
Hollow Man;190.213.455;73.209.340;2000
Abominable;189.892.513;60.716.390;2019
Outbreak;189.859.560;67.659.560;1995
The Santa Clause;189.833.357;144.833.357;1994
Weathering with You;189.713.068;7.798.743;2019
The White Storm 2: Drug Lords;189.396.380;609.461;2019
The X Files;189.176.423;83.898.313;1998
Breakup Buddies;189.017.596;777.896;2014
Rambo III;189.015.611;53.715.611;1988
The Secret Life of Walter Mitty;188.133.322;58.236.838;2013
Jaws 2;187.884.007;81.766.007;1978
12 Years a Slave;187.733.202;56.671.993;2013
Heat;187.436.818;67.436.818;1995
Mr. Popper's Penguins;187.361.754;68.224.452;2011
The Grudge;187.281.115;110.359.362;2004
I Now Pronounce You Chuck & Larry;187.134.117;120.059.556;2007
The Horse Whisperer;186.883.563;75.383.563;1998
Walk the Line;186.797.986;119.519.402;2005
The Jungle Book 2;186.303.759;47.901.582;2003
The Final Destination;186.167.139;66.477.700;2009
Atlantis: The Lost Empire;186.053.725;84.056.472;2001
Inside Man;186.003.591;88.513.495;2006
The Waterboy;185.991.646;161.491.646;1998
Hugo;185.770.160;73.864.507;2011
Pitch Perfect 3;185.400.345;104.897.530;2017
Watchmen;185.382.813;107.509.799;2009
The Birdcage;185.260.553;124.060.553;1996
Moulin Rouge!;184.928.135;57.386.607;2001
Snow White and the Seven Dwarfs;184.925.486;184.925.486;1937
Hop;183.953.723;108.085.305;2011
Bad Moms;183.936.074;113.257.297;2016
Jupiter Ascending;183.887.723;47.387.723;2015
Knowing;183.658.498;79.957.634;2007
102 Dalmatians;183.611.771;66.957.026;2000
Storks;183.388.953;72.679.278;2016
Paul Blart: Mall Cop;183.348.429;146.336.178;2009
Wayne's World;183.097.323;121.697.323;1992
Maverick;183.031.272;101.631.272;1994
Mirror Mirror;183.018.522;64.935.167;2012
The Man in the Iron Mask;182.968.902;56.968.902;1998
Cape Fear;182.291.969;79.091.969;1991
The Haunted Mansion;182.290.266;75.847.266;2003
While You Were Sleeping;182.057.016;81.057.016;1995
The Bridges of Madison County;182.016.617;71.516.617;1995
Poseidon;181.674.817;60.674.817;2006
The First Wives Club;181.489.203;105.489.203;1996
Scooby-Doo 2: Monsters Unleashed;181.216.833;84.216.833;2004
Hot Shots!;181.096.164;69.467.617;1991
Road to Perdition;181.001.478;104.454.762;2002
Kill Bill: Vol. 1;180.899.045;70.099.045;2003
The Scorpion King;180.630.907;91.047.077;2002
Sweet Home Alabama;180.622.424;127.223.418;2002
Daddy's Home 2;180.613.180;104.029.443;2017
Deja Vu;180.557.550;64.038.616;2006
Hacksaw Ridge;180.450.918;67.209.615;2016
The Post;179.769.457;81.903.458;2017
Dangerous Minds;179.519.401;84.919.401;1995
The Dictator;179.379.533;59.650.222;2012
The League of Extraordinary Gentlemen;179.265.204;66.465.204;2003
Allegiant;179.246.868;66.184.051;2016
Daredevil;179.179.718;102.543.518;2003
City Slickers;179.033.791;124.033.791;1991
He's Just Not That Into You;178.866.158;93.953.653;2009
Eagle Eye;178.767.383;101.440.743;2008
Along Came Polly;178.311.729;88.097.164;2004
Flushed Away;178.281.554;64.665.672;2006
Scary Movie 4;178.262.620;90.710.620;2006
Dante's Peak;178.127.760;67.127.760;1997
Brokeback Mountain;178.062.759;83.043.761;2005
Patriot Games;178.051.587;83.351.587;1992
Flubber;177.977.226;92.977.226;1997
Baywatch;177.856.751;58.060.186;2017
Double Jeopardy;177.841.558;116.741.558;1999
War Horse;177.584.879;79.884.879;2011
Paranormal Activity 2;177.512.032;84.752.907;2010
How to Lose a Guy in 10 Days;177.502.387;105.813.373;2003
Alien vs. Predator;177.427.090;80.282.231;2004
Hero;177.395.557;53.710.019;2002
The 40-Year-Old Virgin;177.378.645;109.449.237;2005
Lee Daniels' The Butler;177.313.795;116.632.095;2013
The Haunting;177.311.151;91.411.151;1999
The Descendants;177.243.185;82.584.160;2011
The A-Team;177.238.796;77.222.099;2010
Tootsie;177.200.000;177.200.000;1982
In the Line of Fire;176.997.168;102.314.823;1993
Analyze This;176.885.658;106.885.658;1999
The Hitman's Bodyguard;176.586.701;75.468.583;2017
Looper;176.506.819;66.486.205;2012
Dr. Dolittle 2;176.104.344;112.952.899;2001
The Italian Job;176.070.171;106.128.601;2003
The Bucket List;175.372.502;93.466.502;2007
Sleeping with the Enemy;174.999.005;101.599.005;1991
Cowboys & Aliens;174.822.325;100.240.551;2011
The Mule;174.804.407;103.804.407;2018
George of the Jungle;174.463.257;105.263.257;1997
Evan Almighty;174.440.724;100.462.298;2007
Identity Thief;173.965.010;134.506.920;2013
The Nutcracker and the Four Realms;173.961.069;54.858.851;2018
Big Momma's House;173.959.438;117.559.438;2000
In Time;173.930.596;37.520.095;2011
Amélie;173.924.742;33.225.499;2001
Operation Mekong;173.839.072;800.012;2016
Anchorman 2: The Legend Continues;173.649.931;127.352.707;2013
Creed;173.567.581;109.767.581;2015
Gemini Man;173.469.516;48.546.770;2019
The Girl on the Train;173.185.859;75.395.035;2016
Scream;173.046.663;103.046.663;1996
Cold Mountain;173.013.509;95.636.509;2003
Black Hawk Down;172.989.651;108.638.745;2001
The Grand Budapest Hotel;172.936.941;59.301.324;2014
The Santa Clause 2;172.855.065;139.236.327;2002
Cloverfield;172.394.180;80.048.433;2008
Scream 2;172.363.301;101.363.301;1997
Couples Retreat;171.844.840;109.204.945;2009
Antz;171.757.863;90.757.863;1998
Blood Diamond;171.720.398;57.377.916;2006
Jackass 3D;171.685.792;117.229.692;2010
No Country for Old Men;171.627.166;74.283.625;2007
Spies in Disguise;171.616.764;66.757.013;2019
John Wick: Chapter 2;171.539.887;92.029.184;2017
Cocktail;171.504.781;78.222.753;1988
Mr. Deeds;171.269.535;126.293.452;2002
Contact;171.120.329;100.920.329;1997
Superbad;170.812.526;121.463.226;2007
The Other Guys;170.458.922;119.219.978;2010
The Specialist;170.362.582;57.362.582;1994
Olympus Has Fallen;170.270.201;98.925.640;2013
Starsky & Hutch;170.268.750;88.237.754;2004
Shall We Dance;170.128.460;57.890.460;2004
Stuart Little 2;169.956.806;64.956.806;2002
Zookeeper;169.852.759;80.360.843;2011
Dumb and Dumber To;169.837.010;86.208.010;2014
Ghost in the Shell;169.801.921;40.563.557;2017
Seven Pounds;169.748.929;69.951.824;2008
Meet the Robinsons;169.333.034;97.822.171;2007
The Emperor's New Groove;169.327.687;89.302.687;2000
12 Monkeys;168.839.459;57.141.459;1995
Dodgeball;168.423.227;114.326.736;2004
Hellboy II: The Golden Army;168.319.243;75.986.503;2008
Insidious: The Last Key;167.885.588;67.745.330;2018
Fantastic Four;167.882.881;56.117.548;2015
Unstoppable;167.805.466;81.562.942;2010
Three Men and a Baby;167.780.960;167.780.960;1987
Magic Mike;167.739.368;113.721.571;2012
Alexander;167.298.192;34.297.191;2004
Up in the Air;166.842.739;83.823.381;2009
Nutty Professor II: The Klumps;166.339.890;123.309.890;2000
Sleepers;165.615.285;53.315.285;1996
